{
"root":
  [
	{
	"key":"1234",
	"title":"Kartoffel",
	"note": "<img src=\"https://64.media.tumblr.com/a0fa6528957b51b868ea624f55b5e18c/tumblr_pxil351npu1vm1jl4o1_500.gifv\">",
	"length":13
	},
	{
	"key":"1444",
	"title":"Rote Beete",
	"note": "<img src=\"https://i.imgur.com/QmS3fnJ.gif\">",
	"length":16
	},
	{
	"key":"133334",
	"title":"Salat",
	"note": "<img src=\"https://media3.giphy.com/media/xT1XGxV8w7mHlSER7W/giphy.gif\">",
	"length":10
	},
	{
	"key":"1556664",
	"title":"Artischocke",
	"note": "<img src=\"https://media.tenor.com/images/fad633eb1ac02db775c751899fb6c865/tenor.gif\">",
	"length":16
	}
  ]
}
